,CodigoEstacion,Categoria,Entidad,Departamento,Municipio,IdParametro,Etiqueta,Frecuencia,Fecha,Valor,Grado,Año
0,25025100,Climática Principal,INSTITUTO DE HIDROLOGIA METEOROLOGIA Y ESTUDIOS AMBIENTALES,Bolivar,Magangue,PRECIPITACION,PTPM_TT_A,Annual,2016-01-01,1072.5,4,2016
1,25025100,Climática Principal,INSTITUTO DE HIDROLOGIA METEOROLOGIA Y ESTUDIOS AMBIENTALES,Bolivar,Magangue,PRECIPITACION,PTPM_TT_A,Annual,2017-01-01,1557.0,50,2017
2,25025100,Climática Principal,INSTITUTO DE HIDROLOGIA METEOROLOGIA Y ESTUDIOS AMBIENTALES,Bolivar,Magangue,PRECIPITACION,PTPM_TT_A,Annual,2018-01-01,1511.9,50,2018
3,25025100,Climática Principal,INSTITUTO DE HIDROLOGIA METEOROLOGIA Y ESTUDIOS AMBIENTALES,Bolivar,Magangue,PRECIPITACION,PTPM_TT_A,Annual,2019-01-01,1114.3,50,2019
4,25025100,Climática Principal,INSTITUTO DE HIDROLOGIA METEOROLOGIA Y ESTUDIOS AMBIENTALES,Bolivar,Magangue,PRECIPITACION,PTPM_TT_A,Annual,2020-01-01,1395.3,50,2020
5,14015080,Sinóptica Principal,INSTITUTO DE HIDROLOGIA METEOROLOGIA Y ESTUDIOS AMBIENTALES,Bolivar,Cartagena De Indias,PRECIPITACION,PTPM_TT_A,Annual,2016-01-01,1264.12,50,2016
6,14015080,Sinóptica Principal,INSTITUTO DE HIDROLOGIA METEOROLOGIA Y ESTUDIOS AMBIENTALES,Bolivar,Cartagena De Indias,PRECIPITACION,PTPM_TT_A,Annual,2017-01-01,960.9,50,2017
7,14015080,Sinóptica Principal,INSTITUTO DE HIDROLOGIA METEOROLOGIA Y ESTUDIOS AMBIENTALES,Bolivar,Cartagena De Indias,PRECIPITACION,PTPM_TT_A,Annual,2018-01-01,746.7,50,2018
8,14015080,Sinóptica Principal,INSTITUTO DE HIDROLOGIA METEOROLOGIA Y ESTUDIOS AMBIENTALES,Bolivar,Cartagena De Indias,PRECIPITACION,PTPM_TT_A,Annual,2019-01-01,684.1,50,2019
9,14015080,Sinóptica Principal,INSTITUTO DE HIDROLOGIA METEOROLOGIA Y ESTUDIOS AMBIENTALES,Bolivar,Cartagena De Indias,PRECIPITACION,PTPM_TT_A,Annual,2020-01-01,949.7,50,2020
10,25021540,Pluviométrica,INSTITUTO DE HIDROLOGIA METEOROLOGIA Y ESTUDIOS AMBIENTALES,Bolivar,San Martin De Loba,PRECIPITACION,PTPM_TT_A,Annual,2017-01-01,2199.0,4,2017
11,25021540,Pluviométrica,INSTITUTO DE HIDROLOGIA METEOROLOGIA Y ESTUDIOS AMBIENTALES,Bolivar,San Martin De Loba,PRECIPITACION,PTPM_TT_A,Annual,2018-01-01,2131.1,50,2018
12,25021540,Pluviométrica,INSTITUTO DE HIDROLOGIA METEOROLOGIA Y ESTUDIOS AMBIENTALES,Bolivar,San Martin De Loba,PRECIPITACION,PTPM_TT_A,Annual,2019-01-01,1827.0,4,2019
13,25021540,Pluviométrica,INSTITUTO DE HIDROLOGIA METEOROLOGIA Y ESTUDIOS AMBIENTALES,Bolivar,San Martin De Loba,PRECIPITACION,PTPM_TT_A,Annual,2020-01-01,2247.0,50,2020
14,25020970,Pluviométrica,INSTITUTO DE HIDROLOGIA METEOROLOGIA Y ESTUDIOS AMBIENTALES,Bolivar,Arenal,PRECIPITACION,PTPM_TT_A,Annual,2016-01-01,1682.4,50,2016
15,25020970,Pluviométrica,INSTITUTO DE HIDROLOGIA METEOROLOGIA Y ESTUDIOS AMBIENTALES,Bolivar,Arenal,PRECIPITACION,PTPM_TT_A,Annual,2017-01-01,1731.2,50,2017
16,25020970,Pluviométrica,INSTITUTO DE HIDROLOGIA METEOROLOGIA Y ESTUDIOS AMBIENTALES,Bolivar,Arenal,PRECIPITACION,PTPM_TT_A,Annual,2018-01-01,1457.4,50,2018
17,25020970,Pluviométrica,INSTITUTO DE HIDROLOGIA METEOROLOGIA Y ESTUDIOS AMBIENTALES,Bolivar,Arenal,PRECIPITACION,PTPM_TT_A,Annual,2019-01-01,1263.1,50,2019
18,25020970,Pluviométrica,INSTITUTO DE HIDROLOGIA METEOROLOGIA Y ESTUDIOS AMBIENTALES,Bolivar,Arenal,PRECIPITACION,PTPM_TT_A,Annual,2020-01-01,1506.2,50,2020
19,29030040,Pluviométrica,INSTITUTO DE HIDROLOGIA METEOROLOGIA Y ESTUDIOS AMBIENTALES,Bolivar,Arjona,PRECIPITACION,PTPM_TT_A,Annual,2016-01-01,1931.0,50,2016
20,29030040,Pluviométrica,INSTITUTO DE HIDROLOGIA METEOROLOGIA Y ESTUDIOS AMBIENTALES,Bolivar,Arjona,PRECIPITACION,PTPM_TT_A,Annual,2017-01-01,2088.0,50,2017
21,29030040,Pluviométrica,INSTITUTO DE HIDROLOGIA METEOROLOGIA Y ESTUDIOS AMBIENTALES,Bolivar,Arjona,PRECIPITACION,PTPM_TT_A,Annual,2018-01-01,2205.0,4,2018
22,29030040,Pluviométrica,INSTITUTO DE HIDROLOGIA METEOROLOGIA Y ESTUDIOS AMBIENTALES,Bolivar,Arjona,PRECIPITACION,PTPM_TT_A,Annual,2019-01-01,1664.0,50,2019
23,29030040,Pluviométrica,INSTITUTO DE HIDROLOGIA METEOROLOGIA Y ESTUDIOS AMBIENTALES,Bolivar,Arjona,PRECIPITACION,PTPM_TT_A,Annual,2020-01-01,2327.0,50,2020
24,25020810,Pluviométrica,INSTITUTO DE HIDROLOGIA METEOROLOGIA Y ESTUDIOS AMBIENTALES,Bolivar,San Jacinto Del Cauca,PRECIPITACION,PTPM_TT_A,Annual,2016-01-01,4586.9,4,2016
25,25020810,Pluviométrica,INSTITUTO DE HIDROLOGIA METEOROLOGIA Y ESTUDIOS AMBIENTALES,Bolivar,San Jacinto Del Cauca,PRECIPITACION,PTPM_TT_A,Annual,2017-01-01,3921.0,50,2017
26,25020810,Pluviométrica,INSTITUTO DE HIDROLOGIA METEOROLOGIA Y ESTUDIOS AMBIENTALES,Bolivar,San Jacinto Del Cauca,PRECIPITACION,PTPM_TT_A,Annual,2018-01-01,4843.0,50,2018
27,25020810,Pluviométrica,INSTITUTO DE HIDROLOGIA METEOROLOGIA Y ESTUDIOS AMBIENTALES,Bolivar,San Jacinto Del Cauca,PRECIPITACION,PTPM_TT_A,Annual,2019-01-01,4598.0,50,2019
28,25020810,Pluviométrica,INSTITUTO DE HIDROLOGIA METEOROLOGIA Y ESTUDIOS AMBIENTALES,Bolivar,San Jacinto Del Cauca,PRECIPITACION,PTPM_TT_A,Annual,2020-01-01,4469.0,4,2020
29,29030430,Pluviométrica,INSTITUTO DE HIDROLOGIA METEOROLOGIA Y ESTUDIOS AMBIENTALES,Bolivar,Mahates,PRECIPITACION,PTPM_TT_A,Annual,2016-01-01,1886.5,4,2016
30,29030430,Pluviométrica,INSTITUTO DE HIDROLOGIA METEOROLOGIA Y ESTUDIOS AMBIENTALES,Bolivar,Mahates,PRECIPITACION,PTPM_TT_A,Annual,2017-01-01,2101.0,50,2017
31,29030430,Pluviométrica,INSTITUTO DE HIDROLOGIA METEOROLOGIA Y ESTUDIOS AMBIENTALES,Bolivar,Mahates,PRECIPITACION,PTPM_TT_A,Annual,2018-01-01,1798.0,50,2018
32,29030430,Pluviométrica,INSTITUTO DE HIDROLOGIA METEOROLOGIA Y ESTUDIOS AMBIENTALES,Bolivar,Mahates,PRECIPITACION,PTPM_TT_A,Annual,2019-01-01,1634.5,4,2019
33,29030430,Pluviométrica,INSTITUTO DE HIDROLOGIA METEOROLOGIA Y ESTUDIOS AMBIENTALES,Bolivar,Mahates,PRECIPITACION,PTPM_TT_A,Annual,2020-01-01,1317.3,4,2020
34,29010050,Pluviométrica,INSTITUTO DE HIDROLOGIA METEOROLOGIA Y ESTUDIOS AMBIENTALES,Bolivar,Zambrano,PRECIPITACION,PTPM_TT_A,Annual,2017-01-01,1698.0,50,2017
35,29010050,Pluviométrica,INSTITUTO DE HIDROLOGIA METEOROLOGIA Y ESTUDIOS AMBIENTALES,Bolivar,Zambrano,PRECIPITACION,PTPM_TT_A,Annual,2018-01-01,697.0,50,2018
36,29010050,Pluviométrica,INSTITUTO DE HIDROLOGIA METEOROLOGIA Y ESTUDIOS AMBIENTALES,Bolivar,Zambrano,PRECIPITACION,PTPM_TT_A,Annual,2019-01-01,984.0,50,2019
37,29010050,Pluviométrica,INSTITUTO DE HIDROLOGIA METEOROLOGIA Y ESTUDIOS AMBIENTALES,Bolivar,Zambrano,PRECIPITACION,PTPM_TT_A,Annual,2020-01-01,1225.0,50,2020
38,25021180,Pluviométrica,INSTITUTO DE HIDROLOGIA METEOROLOGIA Y ESTUDIOS AMBIENTALES,Bolivar,Mompos,PRECIPITACION,PTPM_TT_A,Annual,2016-01-01,1685.0,50,2016
39,25021180,Pluviométrica,INSTITUTO DE HIDROLOGIA METEOROLOGIA Y ESTUDIOS AMBIENTALES,Bolivar,Mompos,PRECIPITACION,PTPM_TT_A,Annual,2017-01-01,2614.0,50,2017
40,25021180,Pluviométrica,INSTITUTO DE HIDROLOGIA METEOROLOGIA Y ESTUDIOS AMBIENTALES,Bolivar,Mompos,PRECIPITACION,PTPM_TT_A,Annual,2018-01-01,1988.0,50,2018
41,25021180,Pluviométrica,INSTITUTO DE HIDROLOGIA METEOROLOGIA Y ESTUDIOS AMBIENTALES,Bolivar,Mompos,PRECIPITACION,PTPM_TT_A,Annual,2019-01-01,1845.0,50,2019
42,25021180,Pluviométrica,INSTITUTO DE HIDROLOGIA METEOROLOGIA Y ESTUDIOS AMBIENTALES,Bolivar,Mompos,PRECIPITACION,PTPM_TT_A,Annual,2020-01-01,1863.0,50,2020
43,23205030,Climática Ordinaria,INSTITUTO DE HIDROLOGIA METEOROLOGIA Y ESTUDIOS AMBIENTALES,Bolivar,Santa Rosa Del Sur,PRECIPITACION,PTPM_TT_A,Annual,2016-01-01,2181.7,4,2016
44,23205030,Climática Ordinaria,INSTITUTO DE HIDROLOGIA METEOROLOGIA Y ESTUDIOS AMBIENTALES,Bolivar,Santa Rosa Del Sur,PRECIPITACION,PTPM_TT_A,Annual,2017-01-01,1980.8,4,2017
45,23205030,Climática Ordinaria,INSTITUTO DE HIDROLOGIA METEOROLOGIA Y ESTUDIOS AMBIENTALES,Bolivar,Santa Rosa Del Sur,PRECIPITACION,PTPM_TT_A,Annual,2018-01-01,1551.3,50,2018
46,23205030,Climática Ordinaria,INSTITUTO DE HIDROLOGIA METEOROLOGIA Y ESTUDIOS AMBIENTALES,Bolivar,Santa Rosa Del Sur,PRECIPITACION,PTPM_TT_A,Annual,2019-01-01,1709.4,50,2019
47,23205030,Climática Ordinaria,INSTITUTO DE HIDROLOGIA METEOROLOGIA Y ESTUDIOS AMBIENTALES,Bolivar,Santa Rosa Del Sur,PRECIPITACION,PTPM_TT_A,Annual,2020-01-01,2043.2,50,2020
48,25021090,Pluviométrica,INSTITUTO DE HIDROLOGIA METEOROLOGIA Y ESTUDIOS AMBIENTALES,Bolivar,San Fernando,PRECIPITACION,PTPM_TT_A,Annual,2016-01-01,2169.0,50,2016
49,25021090,Pluviométrica,INSTITUTO DE HIDROLOGIA METEOROLOGIA Y ESTUDIOS AMBIENTALES,Bolivar,San Fernando,PRECIPITACION,PTPM_TT_A,Annual,2017-01-01,2077.0,50,2017
50,25021090,Pluviométrica,INSTITUTO DE HIDROLOGIA METEOROLOGIA Y ESTUDIOS AMBIENTALES,Bolivar,San Fernando,PRECIPITACION,PTPM_TT_A,Annual,2018-01-01,1396.0,50,2018
51,25021090,Pluviométrica,INSTITUTO DE HIDROLOGIA METEOROLOGIA Y ESTUDIOS AMBIENTALES,Bolivar,San Fernando,PRECIPITACION,PTPM_TT_A,Annual,2019-01-01,1498.0,4,2019
52,25021090,Pluviométrica,INSTITUTO DE HIDROLOGIA METEOROLOGIA Y ESTUDIOS AMBIENTALES,Bolivar,San Fernando,PRECIPITACION,PTPM_TT_A,Annual,2020-01-01,2065.0,50,2020
53,23200060,Pluviométrica,INSTITUTO DE HIDROLOGIA METEOROLOGIA Y ESTUDIOS AMBIENTALES,Bolivar,San Pablo,PRECIPITACION,PTPM_TT_A,Annual,2016-01-01,2691.0,50,2016
54,23200060,Pluviométrica,INSTITUTO DE HIDROLOGIA METEOROLOGIA Y ESTUDIOS AMBIENTALES,Bolivar,San Pablo,PRECIPITACION,PTPM_TT_A,Annual,2018-01-01,2777.9,4,2018
55,23200060,Pluviométrica,INSTITUTO DE HIDROLOGIA METEOROLOGIA Y ESTUDIOS AMBIENTALES,Bolivar,San Pablo,PRECIPITACION,PTPM_TT_A,Annual,2019-01-01,2060.8,50,2019
56,23200060,Pluviométrica,INSTITUTO DE HIDROLOGIA METEOROLOGIA Y ESTUDIOS AMBIENTALES,Bolivar,San Pablo,PRECIPITACION,PTPM_TT_A,Annual,2020-01-01,2729.1,50,2020
57,23200010,Pluviométrica,INSTITUTO DE HIDROLOGIA METEOROLOGIA Y ESTUDIOS AMBIENTALES,Bolivar,Simiti,PRECIPITACION,PTPM_TT_A,Annual,2016-01-01,1700.0,50,2016
58,23200010,Pluviométrica,INSTITUTO DE HIDROLOGIA METEOROLOGIA Y ESTUDIOS AMBIENTALES,Bolivar,Simiti,PRECIPITACION,PTPM_TT_A,Annual,2017-01-01,1714.0,50,2017
59,23200010,Pluviométrica,INSTITUTO DE HIDROLOGIA METEOROLOGIA Y ESTUDIOS AMBIENTALES,Bolivar,Simiti,PRECIPITACION,PTPM_TT_A,Annual,2018-01-01,2165.0,50,2018
60,23200010,Pluviométrica,INSTITUTO DE HIDROLOGIA METEOROLOGIA Y ESTUDIOS AMBIENTALES,Bolivar,Simiti,PRECIPITACION,PTPM_TT_A,Annual,2019-01-01,1562.0,50,2019
61,23200010,Pluviométrica,INSTITUTO DE HIDROLOGIA METEOROLOGIA Y ESTUDIOS AMBIENTALES,Bolivar,Simiti,PRECIPITACION,PTPM_TT_A,Annual,2020-01-01,1513.0,50,2020
62,29035000,Climática Principal,INSTITUTO DE HIDROLOGIA METEOROLOGIA Y ESTUDIOS AMBIENTALES,Bolivar,Arjona,PRECIPITACION,PTPM_TT_A,Annual,2016-01-01,1978.2,4,2016
63,29035000,Climática Principal,INSTITUTO DE HIDROLOGIA METEOROLOGIA Y ESTUDIOS AMBIENTALES,Bolivar,Arjona,PRECIPITACION,PTPM_TT_A,Annual,2017-01-01,1600.2,50,2017
64,29035000,Climática Principal,INSTITUTO DE HIDROLOGIA METEOROLOGIA Y ESTUDIOS AMBIENTALES,Bolivar,Arjona,PRECIPITACION,PTPM_TT_A,Annual,2018-01-01,1506.7,4,2018
65,29035000,Climática Principal,INSTITUTO DE HIDROLOGIA METEOROLOGIA Y ESTUDIOS AMBIENTALES,Bolivar,Arjona,PRECIPITACION,PTPM_TT_A,Annual,2019-01-01,1082.3,4,2019
66,29035000,Climática Principal,INSTITUTO DE HIDROLOGIA METEOROLOGIA Y ESTUDIOS AMBIENTALES,Bolivar,Arjona,PRECIPITACION,PTPM_TT_A,Annual,2020-01-01,1418.9,50,2020
67,29030320,Pluviométrica,INSTITUTO DE HIDROLOGIA METEOROLOGIA Y ESTUDIOS AMBIENTALES,Bolivar,Arjona,PRECIPITACION,PTPM_TT_A,Annual,2016-01-01,1118.4,4,2016
68,29030320,Pluviométrica,INSTITUTO DE HIDROLOGIA METEOROLOGIA Y ESTUDIOS AMBIENTALES,Bolivar,Arjona,PRECIPITACION,PTPM_TT_A,Annual,2017-01-01,1017.5,50,2017
69,29030320,Pluviométrica,INSTITUTO DE HIDROLOGIA METEOROLOGIA Y ESTUDIOS AMBIENTALES,Bolivar,Arjona,PRECIPITACION,PTPM_TT_A,Annual,2018-01-01,875.5,50,2018
70,29030320,Pluviométrica,INSTITUTO DE HIDROLOGIA METEOROLOGIA Y ESTUDIOS AMBIENTALES,Bolivar,Arjona,PRECIPITACION,PTPM_TT_A,Annual,2019-01-01,475.8,50,2019
71,29030320,Pluviométrica,INSTITUTO DE HIDROLOGIA METEOROLOGIA Y ESTUDIOS AMBIENTALES,Bolivar,Arjona,PRECIPITACION,PTPM_TT_A,Annual,2020-01-01,1014.2,50,2020
72,25020950,Pluviométrica,INSTITUTO DE HIDROLOGIA METEOROLOGIA Y ESTUDIOS AMBIENTALES,Bolivar,Magangue,PRECIPITACION,PTPM_TT_A,Annual,2017-01-01,2472.0,50,2017
73,25020950,Pluviométrica,INSTITUTO DE HIDROLOGIA METEOROLOGIA Y ESTUDIOS AMBIENTALES,Bolivar,Magangue,PRECIPITACION,PTPM_TT_A,Annual,2018-01-01,2146.0,50,2018
74,25020950,Pluviométrica,INSTITUTO DE HIDROLOGIA METEOROLOGIA Y ESTUDIOS AMBIENTALES,Bolivar,Magangue,PRECIPITACION,PTPM_TT_A,Annual,2019-01-01,2547.0,50,2019
75,25020950,Pluviométrica,INSTITUTO DE HIDROLOGIA METEOROLOGIA Y ESTUDIOS AMBIENTALES,Bolivar,Magangue,PRECIPITACION,PTPM_TT_A,Annual,2020-01-01,2096.0,50,2020
76,29030280,Pluviométrica,INSTITUTO DE HIDROLOGIA METEOROLOGIA Y ESTUDIOS AMBIENTALES,Bolivar,Mahates,PRECIPITACION,PTPM_TT_A,Annual,2016-01-01,1759.0,50,2016
77,29030280,Pluviométrica,INSTITUTO DE HIDROLOGIA METEOROLOGIA Y ESTUDIOS AMBIENTALES,Bolivar,Mahates,PRECIPITACION,PTPM_TT_A,Annual,2017-01-01,2069.0,50,2017
78,29030280,Pluviométrica,INSTITUTO DE HIDROLOGIA METEOROLOGIA Y ESTUDIOS AMBIENTALES,Bolivar,Mahates,PRECIPITACION,PTPM_TT_A,Annual,2018-01-01,1799.0,50,2018
79,29030280,Pluviométrica,INSTITUTO DE HIDROLOGIA METEOROLOGIA Y ESTUDIOS AMBIENTALES,Bolivar,Mahates,PRECIPITACION,PTPM_TT_A,Annual,2019-01-01,1275.0,50,2019
80,29030280,Pluviométrica,INSTITUTO DE HIDROLOGIA METEOROLOGIA Y ESTUDIOS AMBIENTALES,Bolivar,Mahates,PRECIPITACION,PTPM_TT_A,Annual,2020-01-01,1518.0,4,2020
81,29030200,Pluviométrica,INSTITUTO DE HIDROLOGIA METEOROLOGIA Y ESTUDIOS AMBIENTALES,Bolivar,San Juan Nepomuceno,PRECIPITACION,PTPM_TT_A,Annual,2016-01-01,1931.6,50,2016
82,29030200,Pluviométrica,INSTITUTO DE HIDROLOGIA METEOROLOGIA Y ESTUDIOS AMBIENTALES,Bolivar,San Juan Nepomuceno,PRECIPITACION,PTPM_TT_A,Annual,2017-01-01,1796.8,50,2017
83,29030200,Pluviométrica,INSTITUTO DE HIDROLOGIA METEOROLOGIA Y ESTUDIOS AMBIENTALES,Bolivar,San Juan Nepomuceno,PRECIPITACION,PTPM_TT_A,Annual,2018-01-01,1549.0,50,2018
84,29030200,Pluviométrica,INSTITUTO DE HIDROLOGIA METEOROLOGIA Y ESTUDIOS AMBIENTALES,Bolivar,San Juan Nepomuceno,PRECIPITACION,PTPM_TT_A,Annual,2019-01-01,1558.0,50,2019
85,29030200,Pluviométrica,INSTITUTO DE HIDROLOGIA METEOROLOGIA Y ESTUDIOS AMBIENTALES,Bolivar,San Juan Nepomuceno,PRECIPITACION,PTPM_TT_A,Annual,2020-01-01,1445.0,50,2020
86,29030150,Pluviométrica,INSTITUTO DE HIDROLOGIA METEOROLOGIA Y ESTUDIOS AMBIENTALES,Bolivar,San Jacinto,PRECIPITACION,PTPM_TT_A,Annual,2016-01-01,1857.9,4,2016
87,29030150,Pluviométrica,INSTITUTO DE HIDROLOGIA METEOROLOGIA Y ESTUDIOS AMBIENTALES,Bolivar,San Jacinto,PRECIPITACION,PTPM_TT_A,Annual,2017-01-01,2321.0,50,2017
88,29030150,Pluviométrica,INSTITUTO DE HIDROLOGIA METEOROLOGIA Y ESTUDIOS AMBIENTALES,Bolivar,San Jacinto,PRECIPITACION,PTPM_TT_A,Annual,2018-01-01,2437.0,50,2018
89,29030150,Pluviométrica,INSTITUTO DE HIDROLOGIA METEOROLOGIA Y ESTUDIOS AMBIENTALES,Bolivar,San Jacinto,PRECIPITACION,PTPM_TT_A,Annual,2019-01-01,1928.0,50,2019
90,29030150,Pluviométrica,INSTITUTO DE HIDROLOGIA METEOROLOGIA Y ESTUDIOS AMBIENTALES,Bolivar,San Jacinto,PRECIPITACION,PTPM_TT_A,Annual,2020-01-01,2258.0,50,2020
91,29030050,Pluviométrica,INSTITUTO DE HIDROLOGIA METEOROLOGIA Y ESTUDIOS AMBIENTALES,Bolivar,San Estanislao,PRECIPITACION,PTPM_TT_A,Annual,2016-01-01,1124.0,50,2016
92,29030050,Pluviométrica,INSTITUTO DE HIDROLOGIA METEOROLOGIA Y ESTUDIOS AMBIENTALES,Bolivar,San Estanislao,PRECIPITACION,PTPM_TT_A,Annual,2017-01-01,1316.0,50,2017
93,29030050,Pluviométrica,INSTITUTO DE HIDROLOGIA METEOROLOGIA Y ESTUDIOS AMBIENTALES,Bolivar,San Estanislao,PRECIPITACION,PTPM_TT_A,Annual,2018-01-01,1381.0,50,2018
94,29030050,Pluviométrica,INSTITUTO DE HIDROLOGIA METEOROLOGIA Y ESTUDIOS AMBIENTALES,Bolivar,San Estanislao,PRECIPITACION,PTPM_TT_A,Annual,2019-01-01,1218.0,50,2019
95,29030050,Pluviométrica,INSTITUTO DE HIDROLOGIA METEOROLOGIA Y ESTUDIOS AMBIENTALES,Bolivar,San Estanislao,PRECIPITACION,PTPM_TT_A,Annual,2020-01-01,1405.0,50,2020
96,29035110,Climática Ordinaria,INSTITUTO DE HIDROLOGIA METEOROLOGIA Y ESTUDIOS AMBIENTALES,Bolivar,Maria La Baja,PRECIPITACION,PTPM_TT_A,Annual,2017-01-01,1679.4,50,2017
97,29035110,Climática Ordinaria,INSTITUTO DE HIDROLOGIA METEOROLOGIA Y ESTUDIOS AMBIENTALES,Bolivar,Maria La Baja,PRECIPITACION,PTPM_TT_A,Annual,2018-01-01,1915.9,50,2018
98,29035110,Climática Ordinaria,INSTITUTO DE HIDROLOGIA METEOROLOGIA Y ESTUDIOS AMBIENTALES,Bolivar,Maria La Baja,PRECIPITACION,PTPM_TT_A,Annual,2019-01-01,1436.9,50,2019
99,29035110,Climática Ordinaria,INSTITUTO DE HIDROLOGIA METEOROLOGIA Y ESTUDIOS AMBIENTALES,Bolivar,Maria La Baja,PRECIPITACION,PTPM_TT_A,Annual,2020-01-01,1560.7,50,2020
100,29030370,Pluviométrica,INSTITUTO DE HIDROLOGIA METEOROLOGIA Y ESTUDIOS AMBIENTALES,Bolivar,Cartagena De Indias,PRECIPITACION,PTPM_TT_A,Annual,2016-01-01,1299.0,4,2016
101,29030370,Pluviométrica,INSTITUTO DE HIDROLOGIA METEOROLOGIA Y ESTUDIOS AMBIENTALES,Bolivar,Cartagena De Indias,PRECIPITACION,PTPM_TT_A,Annual,2017-01-01,962.0,50,2017
102,29030370,Pluviométrica,INSTITUTO DE HIDROLOGIA METEOROLOGIA Y ESTUDIOS AMBIENTALES,Bolivar,Cartagena De Indias,PRECIPITACION,PTPM_TT_A,Annual,2018-01-01,1019.0,50,2018
103,29030370,Pluviométrica,INSTITUTO DE HIDROLOGIA METEOROLOGIA Y ESTUDIOS AMBIENTALES,Bolivar,Cartagena De Indias,PRECIPITACION,PTPM_TT_A,Annual,2019-01-01,766.0,4,2019
104,29030370,Pluviométrica,INSTITUTO DE HIDROLOGIA METEOROLOGIA Y ESTUDIOS AMBIENTALES,Bolivar,Cartagena De Indias,PRECIPITACION,PTPM_TT_A,Annual,2020-01-01,1273.1,50,2020
105,29035030,Climática Ordinaria,INSTITUTO DE HIDROLOGIA METEOROLOGIA Y ESTUDIOS AMBIENTALES,Bolivar,Maria La Baja,PRECIPITACION,PTPM_TT_A,Annual,2016-01-01,1511.5,4,2016
106,29035030,Climática Ordinaria,INSTITUTO DE HIDROLOGIA METEOROLOGIA Y ESTUDIOS AMBIENTALES,Bolivar,Maria La Baja,PRECIPITACION,PTPM_TT_A,Annual,2017-01-01,2082.0,4,2017
107,29035030,Climática Ordinaria,INSTITUTO DE HIDROLOGIA METEOROLOGIA Y ESTUDIOS AMBIENTALES,Bolivar,Maria La Baja,PRECIPITACION,PTPM_TT_A,Annual,2018-01-01,2104.4,4,2018
108,29035030,Climática Ordinaria,INSTITUTO DE HIDROLOGIA METEOROLOGIA Y ESTUDIOS AMBIENTALES,Bolivar,Maria La Baja,PRECIPITACION,PTPM_TT_A,Annual,2019-01-01,1485.8,50,2019
109,29035030,Climática Ordinaria,INSTITUTO DE HIDROLOGIA METEOROLOGIA Y ESTUDIOS AMBIENTALES,Bolivar,Maria La Baja,PRECIPITACION,PTPM_TT_A,Annual,2020-01-01,1710.6,50,2020
110,29030080,Pluviométrica,INSTITUTO DE HIDROLOGIA METEOROLOGIA Y ESTUDIOS AMBIENTALES,Bolivar,Maria La Baja,PRECIPITACION,PTPM_TT_A,Annual,2016-01-01,1644.5,4,2016
111,29030080,Pluviométrica,INSTITUTO DE HIDROLOGIA METEOROLOGIA Y ESTUDIOS AMBIENTALES,Bolivar,Maria La Baja,PRECIPITACION,PTPM_TT_A,Annual,2017-01-01,1616.7,50,2017
112,29030080,Pluviométrica,INSTITUTO DE HIDROLOGIA METEOROLOGIA Y ESTUDIOS AMBIENTALES,Bolivar,Maria La Baja,PRECIPITACION,PTPM_TT_A,Annual,2018-01-01,1845.9,50,2018
113,29030080,Pluviométrica,INSTITUTO DE HIDROLOGIA METEOROLOGIA Y ESTUDIOS AMBIENTALES,Bolivar,Maria La Baja,PRECIPITACION,PTPM_TT_A,Annual,2019-01-01,1342.2,50,2019
114,29030080,Pluviométrica,INSTITUTO DE HIDROLOGIA METEOROLOGIA Y ESTUDIOS AMBIENTALES,Bolivar,Maria La Baja,PRECIPITACION,PTPM_TT_A,Annual,2020-01-01,2896.0,50,2020
115,25027410,Limnimétrica,INSTITUTO DE HIDROLOGIA METEOROLOGIA Y ESTUDIOS AMBIENTALES,Bolivar,Regidor,PRECIPITACION,PTPM_TT_A,Annual,2016-01-01,1495.0,50,2016
116,25027410,Limnimétrica,INSTITUTO DE HIDROLOGIA METEOROLOGIA Y ESTUDIOS AMBIENTALES,Bolivar,Regidor,PRECIPITACION,PTPM_TT_A,Annual,2017-01-01,1655.0,50,2017
117,25027410,Limnimétrica,INSTITUTO DE HIDROLOGIA METEOROLOGIA Y ESTUDIOS AMBIENTALES,Bolivar,Regidor,PRECIPITACION,PTPM_TT_A,Annual,2018-01-01,1096.0,50,2018
118,25027410,Limnimétrica,INSTITUTO DE HIDROLOGIA METEOROLOGIA Y ESTUDIOS AMBIENTALES,Bolivar,Regidor,PRECIPITACION,PTPM_TT_A,Annual,2019-01-01,1396.0,50,2019
119,25027410,Limnimétrica,INSTITUTO DE HIDROLOGIA METEOROLOGIA Y ESTUDIOS AMBIENTALES,Bolivar,Regidor,PRECIPITACION,PTPM_TT_A,Annual,2020-01-01,1999.0,50,2020
120,25027630,Limnimétrica,INSTITUTO DE HIDROLOGIA METEOROLOGIA Y ESTUDIOS AMBIENTALES,Bolivar,Barranco De Loba,PRECIPITACION,PTPM_TT_A,Annual,2017-01-01,2482.5,50,2017
121,25027630,Limnimétrica,INSTITUTO DE HIDROLOGIA METEOROLOGIA Y ESTUDIOS AMBIENTALES,Bolivar,Barranco De Loba,PRECIPITACION,PTPM_TT_A,Annual,2018-01-01,2025.2,50,2018
122,25027630,Limnimétrica,INSTITUTO DE HIDROLOGIA METEOROLOGIA Y ESTUDIOS AMBIENTALES,Bolivar,Barranco De Loba,PRECIPITACION,PTPM_TT_A,Annual,2019-01-01,2669.0,50,2019
123,25027630,Limnimétrica,INSTITUTO DE HIDROLOGIA METEOROLOGIA Y ESTUDIOS AMBIENTALES,Bolivar,Barranco De Loba,PRECIPITACION,PTPM_TT_A,Annual,2020-01-01,1836.0,50,2020
124,29030310,Pluviométrica,INSTITUTO DE HIDROLOGIA METEOROLOGIA Y ESTUDIOS AMBIENTALES,Bolivar,Maria La Baja,PRECIPITACION,PTPM_TT_A,Annual,2016-01-01,1792.0,50,2016
125,29030310,Pluviométrica,INSTITUTO DE HIDROLOGIA METEOROLOGIA Y ESTUDIOS AMBIENTALES,Bolivar,Maria La Baja,PRECIPITACION,PTPM_TT_A,Annual,2017-01-01,1624.0,50,2017
126,29030310,Pluviométrica,INSTITUTO DE HIDROLOGIA METEOROLOGIA Y ESTUDIOS AMBIENTALES,Bolivar,Maria La Baja,PRECIPITACION,PTPM_TT_A,Annual,2018-01-01,1570.0,50,2018
127,29030310,Pluviométrica,INSTITUTO DE HIDROLOGIA METEOROLOGIA Y ESTUDIOS AMBIENTALES,Bolivar,Maria La Baja,PRECIPITACION,PTPM_TT_A,Annual,2019-01-01,951.0,50,2019
128,29030310,Pluviométrica,INSTITUTO DE HIDROLOGIA METEOROLOGIA Y ESTUDIOS AMBIENTALES,Bolivar,Maria La Baja,PRECIPITACION,PTPM_TT_A,Annual,2020-01-01,1306.0,50,2020
129,29035040,Climática Ordinaria,INSTITUTO DE HIDROLOGIA METEOROLOGIA Y ESTUDIOS AMBIENTALES,Bolivar,Maria La Baja,PRECIPITACION,PTPM_TT_A,Annual,2017-01-01,1809.9,4,2017
130,29035040,Climática Ordinaria,INSTITUTO DE HIDROLOGIA METEOROLOGIA Y ESTUDIOS AMBIENTALES,Bolivar,Maria La Baja,PRECIPITACION,PTPM_TT_A,Annual,2018-01-01,1920.9,50,2018
131,29035040,Climática Ordinaria,INSTITUTO DE HIDROLOGIA METEOROLOGIA Y ESTUDIOS AMBIENTALES,Bolivar,Maria La Baja,PRECIPITACION,PTPM_TT_A,Annual,2019-01-01,1338.2,50,2019
132,29035040,Climática Ordinaria,INSTITUTO DE HIDROLOGIA METEOROLOGIA Y ESTUDIOS AMBIENTALES,Bolivar,Maria La Baja,PRECIPITACION,PTPM_TT_A,Annual,2020-01-01,1162.0,50,2020
133,25025210,Climática Ordinaria,INSTITUTO DE HIDROLOGIA METEOROLOGIA Y ESTUDIOS AMBIENTALES,Bolivar,Pinillos,PRECIPITACION,PTPM_TT_A,Annual,2017-01-01,3065.1,4,2017
134,25025210,Climática Ordinaria,INSTITUTO DE HIDROLOGIA METEOROLOGIA Y ESTUDIOS AMBIENTALES,Bolivar,Pinillos,PRECIPITACION,PTPM_TT_A,Annual,2018-01-01,2211.0,50,2018
135,25025210,Climática Ordinaria,INSTITUTO DE HIDROLOGIA METEOROLOGIA Y ESTUDIOS AMBIENTALES,Bolivar,Pinillos,PRECIPITACION,PTPM_TT_A,Annual,2019-01-01,1987.5,50,2019
136,25025210,Climática Ordinaria,INSTITUTO DE HIDROLOGIA METEOROLOGIA Y ESTUDIOS AMBIENTALES,Bolivar,Pinillos,PRECIPITACION,PTPM_TT_A,Annual,2020-01-01,2477.9,50,2020
137,29030530,Pluviométrica,INSTITUTO DE HIDROLOGIA METEOROLOGIA Y ESTUDIOS AMBIENTALES,Bolivar,Maria La Baja,PRECIPITACION,PTPM_TT_A,Annual,2016-01-01,2502.0,4,2016
138,29030530,Pluviométrica,INSTITUTO DE HIDROLOGIA METEOROLOGIA Y ESTUDIOS AMBIENTALES,Bolivar,Maria La Baja,PRECIPITACION,PTPM_TT_A,Annual,2017-01-01,3457.0,50,2017
139,29030530,Pluviométrica,INSTITUTO DE HIDROLOGIA METEOROLOGIA Y ESTUDIOS AMBIENTALES,Bolivar,Maria La Baja,PRECIPITACION,PTPM_TT_A,Annual,2018-01-01,2506.0,50,2018
140,29030530,Pluviométrica,INSTITUTO DE HIDROLOGIA METEOROLOGIA Y ESTUDIOS AMBIENTALES,Bolivar,Maria La Baja,PRECIPITACION,PTPM_TT_A,Annual,2019-01-01,2162.0,4,2019
141,29030530,Pluviométrica,INSTITUTO DE HIDROLOGIA METEOROLOGIA Y ESTUDIOS AMBIENTALES,Bolivar,Maria La Baja,PRECIPITACION,PTPM_TT_A,Annual,2020-01-01,3142.0,4,2020
142,25020870,Pluviométrica,INSTITUTO DE HIDROLOGIA METEOROLOGIA Y ESTUDIOS AMBIENTALES,Bolivar,San Martin De Loba,PRECIPITACION,PTPM_TT_A,Annual,2017-01-01,1789.0,50,2017
143,25020870,Pluviométrica,INSTITUTO DE HIDROLOGIA METEOROLOGIA Y ESTUDIOS AMBIENTALES,Bolivar,San Martin De Loba,PRECIPITACION,PTPM_TT_A,Annual,2018-01-01,1773.0,50,2018
144,25020870,Pluviométrica,INSTITUTO DE HIDROLOGIA METEOROLOGIA Y ESTUDIOS AMBIENTALES,Bolivar,San Martin De Loba,PRECIPITACION,PTPM_TT_A,Annual,2019-01-01,1383.0,50,2019
145,25020870,Pluviométrica,INSTITUTO DE HIDROLOGIA METEOROLOGIA Y ESTUDIOS AMBIENTALES,Bolivar,San Martin De Loba,PRECIPITACION,PTPM_TT_A,Annual,2020-01-01,1780.0,50,2020
146,25021310,Pluviométrica,INSTITUTO DE HIDROLOGIA METEOROLOGIA Y ESTUDIOS AMBIENTALES,Bolivar,Hatillo De Loba,PRECIPITACION,PTPM_TT_A,Annual,2016-01-01,2137.0,50,2016
147,25021310,Pluviométrica,INSTITUTO DE HIDROLOGIA METEOROLOGIA Y ESTUDIOS AMBIENTALES,Bolivar,Hatillo De Loba,PRECIPITACION,PTPM_TT_A,Annual,2017-01-01,2638.0,50,2017
148,25021310,Pluviométrica,INSTITUTO DE HIDROLOGIA METEOROLOGIA Y ESTUDIOS AMBIENTALES,Bolivar,Hatillo De Loba,PRECIPITACION,PTPM_TT_A,Annual,2018-01-01,1842.0,50,2018
149,25021310,Pluviométrica,INSTITUTO DE HIDROLOGIA METEOROLOGIA Y ESTUDIOS AMBIENTALES,Bolivar,Hatillo De Loba,PRECIPITACION,PTPM_TT_A,Annual,2019-01-01,1179.0,50,2019
150,25021310,Pluviométrica,INSTITUTO DE HIDROLOGIA METEOROLOGIA Y ESTUDIOS AMBIENTALES,Bolivar,Hatillo De Loba,PRECIPITACION,PTPM_TT_A,Annual,2020-01-01,1904.0,50,2020
156,25021350,Pluviométrica,INSTITUTO DE HIDROLOGIA METEOROLOGIA Y ESTUDIOS AMBIENTALES,Bolivar,Mompos,PRECIPITACION,PTPM_TT_A,Annual,2016-01-01,1189.2,50,2016
157,25021350,Pluviométrica,INSTITUTO DE HIDROLOGIA METEOROLOGIA Y ESTUDIOS AMBIENTALES,Bolivar,Mompos,PRECIPITACION,PTPM_TT_A,Annual,2017-01-01,1448.9,50,2017
158,25021350,Pluviométrica,INSTITUTO DE HIDROLOGIA METEOROLOGIA Y ESTUDIOS AMBIENTALES,Bolivar,Mompos,PRECIPITACION,PTPM_TT_A,Annual,2018-01-01,1129.6,4,2018
159,25021350,Pluviométrica,INSTITUTO DE HIDROLOGIA METEOROLOGIA Y ESTUDIOS AMBIENTALES,Bolivar,Mompos,PRECIPITACION,PTPM_TT_A,Annual,2019-01-01,1202.9,50,2019
160,25021350,Pluviométrica,INSTITUTO DE HIDROLOGIA METEOROLOGIA Y ESTUDIOS AMBIENTALES,Bolivar,Mompos,PRECIPITACION,PTPM_TT_A,Annual,2020-01-01,1232.3,50,2020
161,29030520,Pluviométrica,INSTITUTO DE HIDROLOGIA METEOROLOGIA Y ESTUDIOS AMBIENTALES,Bolivar,San Juan Nepomuceno,PRECIPITACION,PTPM_TT_A,Annual,2017-01-01,2213.5,4,2017
162,29030520,Pluviométrica,INSTITUTO DE HIDROLOGIA METEOROLOGIA Y ESTUDIOS AMBIENTALES,Bolivar,San Juan Nepomuceno,PRECIPITACION,PTPM_TT_A,Annual,2018-01-01,3831.7,50,2018
163,29030520,Pluviométrica,INSTITUTO DE HIDROLOGIA METEOROLOGIA Y ESTUDIOS AMBIENTALES,Bolivar,San Juan Nepomuceno,PRECIPITACION,PTPM_TT_A,Annual,2019-01-01,4329.6,50,2019
164,29030520,Pluviométrica,INSTITUTO DE HIDROLOGIA METEOROLOGIA Y ESTUDIOS AMBIENTALES,Bolivar,San Juan Nepomuceno,PRECIPITACION,PTPM_TT_A,Annual,2020-01-01,3818.6,50,2020
165,25025020,Climática Principal,INSTITUTO DE HIDROLOGIA METEOROLOGIA Y ESTUDIOS AMBIENTALES,Bolivar,Zambrano,PRECIPITACION,PTPM_TT_A,Annual,2016-01-01,981.1,50,2016
166,25025020,Climática Principal,INSTITUTO DE HIDROLOGIA METEOROLOGIA Y ESTUDIOS AMBIENTALES,Bolivar,Zambrano,PRECIPITACION,PTPM_TT_A,Annual,2017-01-01,1220.7,50,2017
167,25025020,Climática Principal,INSTITUTO DE HIDROLOGIA METEOROLOGIA Y ESTUDIOS AMBIENTALES,Bolivar,Zambrano,PRECIPITACION,PTPM_TT_A,Annual,2018-01-01,702.4,4,2018
168,25025020,Climática Principal,INSTITUTO DE HIDROLOGIA METEOROLOGIA Y ESTUDIOS AMBIENTALES,Bolivar,Zambrano,PRECIPITACION,PTPM_TT_A,Annual,2019-01-01,1111.0,50,2019
169,25025020,Climática Principal,INSTITUTO DE HIDROLOGIA METEOROLOGIA Y ESTUDIOS AMBIENTALES,Bolivar,Zambrano,PRECIPITACION,PTPM_TT_A,Annual,2020-01-01,985.1,50,2020
170,25020420,Pluviométrica,INSTITUTO DE HIDROLOGIA METEOROLOGIA Y ESTUDIOS AMBIENTALES,Bolivar,San Jacinto Del Cauca,PRECIPITACION,PTPM_TT_A,Annual,2016-01-01,4265.0,50,2016
171,25020420,Pluviométrica,INSTITUTO DE HIDROLOGIA METEOROLOGIA Y ESTUDIOS AMBIENTALES,Bolivar,San Jacinto Del Cauca,PRECIPITACION,PTPM_TT_A,Annual,2017-01-01,4162.0,50,2017
172,25020420,Pluviométrica,INSTITUTO DE HIDROLOGIA METEOROLOGIA Y ESTUDIOS AMBIENTALES,Bolivar,San Jacinto Del Cauca,PRECIPITACION,PTPM_TT_A,Annual,2018-01-01,4069.0,50,2018
173,25020420,Pluviométrica,INSTITUTO DE HIDROLOGIA METEOROLOGIA Y ESTUDIOS AMBIENTALES,Bolivar,San Jacinto Del Cauca,PRECIPITACION,PTPM_TT_A,Annual,2019-01-01,3397.0,50,2019
174,25020420,Pluviométrica,INSTITUTO DE HIDROLOGIA METEOROLOGIA Y ESTUDIOS AMBIENTALES,Bolivar,San Jacinto Del Cauca,PRECIPITACION,PTPM_TT_A,Annual,2020-01-01,4150.2,50,2020
175,25021300,Pluviométrica,INSTITUTO DE HIDROLOGIA METEOROLOGIA Y ESTUDIOS AMBIENTALES,Bolivar,Cicuco,PRECIPITACION,PTPM_TT_A,Annual,2016-01-01,1460.0,50,2016
176,25021300,Pluviométrica,INSTITUTO DE HIDROLOGIA METEOROLOGIA Y ESTUDIOS AMBIENTALES,Bolivar,Cicuco,PRECIPITACION,PTPM_TT_A,Annual,2017-01-01,1670.0,50,2017
177,25021300,Pluviométrica,INSTITUTO DE HIDROLOGIA METEOROLOGIA Y ESTUDIOS AMBIENTALES,Bolivar,Cicuco,PRECIPITACION,PTPM_TT_A,Annual,2018-01-01,1553.0,50,2018
178,25021300,Pluviométrica,INSTITUTO DE HIDROLOGIA METEOROLOGIA Y ESTUDIOS AMBIENTALES,Bolivar,Cicuco,PRECIPITACION,PTPM_TT_A,Annual,2019-01-01,1065.0,50,2019
179,25021300,Pluviométrica,INSTITUTO DE HIDROLOGIA METEOROLOGIA Y ESTUDIOS AMBIENTALES,Bolivar,Cicuco,PRECIPITACION,PTPM_TT_A,Annual,2020-01-01,1588.0,50,2020
180,29030780,Pluviométrica,INSTITUTO DE HIDROLOGIA METEOROLOGIA Y ESTUDIOS AMBIENTALES,Bolivar,Maria La Baja,PRECIPITACION,PTPM_TT_A,Annual,2016-01-01,2299.0,4,2016
181,29030780,Pluviométrica,INSTITUTO DE HIDROLOGIA METEOROLOGIA Y ESTUDIOS AMBIENTALES,Bolivar,Maria La Baja,PRECIPITACION,PTPM_TT_A,Annual,2017-01-01,2449.0,50,2017
182,29030780,Pluviométrica,INSTITUTO DE HIDROLOGIA METEOROLOGIA Y ESTUDIOS AMBIENTALES,Bolivar,Maria La Baja,PRECIPITACION,PTPM_TT_A,Annual,2018-01-01,2167.0,50,2018
183,29030780,Pluviométrica,INSTITUTO DE HIDROLOGIA METEOROLOGIA Y ESTUDIOS AMBIENTALES,Bolivar,Maria La Baja,PRECIPITACION,PTPM_TT_A,Annual,2019-01-01,1326.3,50,2019
184,29030780,Pluviométrica,INSTITUTO DE HIDROLOGIA METEOROLOGIA Y ESTUDIOS AMBIENTALES,Bolivar,Maria La Baja,PRECIPITACION,PTPM_TT_A,Annual,2020-01-01,1069.1,50,2020
185,29030570,Pluviográfica,INSTITUTO DE HIDROLOGIA METEOROLOGIA Y ESTUDIOS AMBIENTALES,Bolivar,San Juan Nepomuceno,PRECIPITACION,PTPM_TT_A,Annual,2016-01-01,1800.0,4,2016
186,29030570,Pluviográfica,INSTITUTO DE HIDROLOGIA METEOROLOGIA Y ESTUDIOS AMBIENTALES,Bolivar,San Juan Nepomuceno,PRECIPITACION,PTPM_TT_A,Annual,2017-01-01,3184.0,50,2017
187,29030570,Pluviográfica,INSTITUTO DE HIDROLOGIA METEOROLOGIA Y ESTUDIOS AMBIENTALES,Bolivar,San Juan Nepomuceno,PRECIPITACION,PTPM_TT_A,Annual,2018-01-01,1876.0,50,2018
188,29030570,Pluviográfica,INSTITUTO DE HIDROLOGIA METEOROLOGIA Y ESTUDIOS AMBIENTALES,Bolivar,San Juan Nepomuceno,PRECIPITACION,PTPM_TT_A,Annual,2019-01-01,2032.0,4,2019
189,29030570,Pluviográfica,INSTITUTO DE HIDROLOGIA METEOROLOGIA Y ESTUDIOS AMBIENTALES,Bolivar,San Juan Nepomuceno,PRECIPITACION,PTPM_TT_A,Annual,2020-01-01,1981.0,4,2020
190,29010130,Pluviométrica,INSTITUTO DE HIDROLOGIA METEOROLOGIA Y ESTUDIOS AMBIENTALES,Bolivar,Zambrano,PRECIPITACION,PTPM_TT_A,Annual,2017-01-01,1205.0,50,2017
191,29010130,Pluviométrica,INSTITUTO DE HIDROLOGIA METEOROLOGIA Y ESTUDIOS AMBIENTALES,Bolivar,Zambrano,PRECIPITACION,PTPM_TT_A,Annual,2018-01-01,720.0,50,2018
192,29010130,Pluviométrica,INSTITUTO DE HIDROLOGIA METEOROLOGIA Y ESTUDIOS AMBIENTALES,Bolivar,Zambrano,PRECIPITACION,PTPM_TT_A,Annual,2019-01-01,851.0,50,2019
193,29010130,Pluviométrica,INSTITUTO DE HIDROLOGIA METEOROLOGIA Y ESTUDIOS AMBIENTALES,Bolivar,Zambrano,PRECIPITACION,PTPM_TT_A,Annual,2020-01-01,1245.0,50,2020
194,25021290,Pluviométrica,INSTITUTO DE HIDROLOGIA METEOROLOGIA Y ESTUDIOS AMBIENTALES,Bolivar,San Fernando,PRECIPITACION,PTPM_TT_A,Annual,2016-01-01,1452.0,4,2016
195,25021290,Pluviométrica,INSTITUTO DE HIDROLOGIA METEOROLOGIA Y ESTUDIOS AMBIENTALES,Bolivar,San Fernando,PRECIPITACION,PTPM_TT_A,Annual,2017-01-01,2824.0,50,2017
196,25021290,Pluviométrica,INSTITUTO DE HIDROLOGIA METEOROLOGIA Y ESTUDIOS AMBIENTALES,Bolivar,San Fernando,PRECIPITACION,PTPM_TT_A,Annual,2018-01-01,1350.0,50,2018
197,25021290,Pluviométrica,INSTITUTO DE HIDROLOGIA METEOROLOGIA Y ESTUDIOS AMBIENTALES,Bolivar,San Fernando,PRECIPITACION,PTPM_TT_A,Annual,2019-01-01,934.0,50,2019
198,25021290,Pluviométrica,INSTITUTO DE HIDROLOGIA METEOROLOGIA Y ESTUDIOS AMBIENTALES,Bolivar,San Fernando,PRECIPITACION,PTPM_TT_A,Annual,2020-01-01,3194.0,50,2020
199,25020410,Pluviométrica,INSTITUTO DE HIDROLOGIA METEOROLOGIA Y ESTUDIOS AMBIENTALES,Bolivar,San Jacinto Del Cauca,PRECIPITACION,PTPM_TT_A,Annual,2016-01-01,8128.0,4,2016
200,25020410,Pluviométrica,INSTITUTO DE HIDROLOGIA METEOROLOGIA Y ESTUDIOS AMBIENTALES,Bolivar,San Jacinto Del Cauca,PRECIPITACION,PTPM_TT_A,Annual,2017-01-01,8057.0,4,2017
201,25020410,Pluviométrica,INSTITUTO DE HIDROLOGIA METEOROLOGIA Y ESTUDIOS AMBIENTALES,Bolivar,San Jacinto Del Cauca,PRECIPITACION,PTPM_TT_A,Annual,2018-01-01,5828.0,4,2018
202,25020410,Pluviométrica,INSTITUTO DE HIDROLOGIA METEOROLOGIA Y ESTUDIOS AMBIENTALES,Bolivar,San Jacinto Del Cauca,PRECIPITACION,PTPM_TT_A,Annual,2019-01-01,5185.0,4,2019
203,25020410,Pluviométrica,INSTITUTO DE HIDROLOGIA METEOROLOGIA Y ESTUDIOS AMBIENTALES,Bolivar,San Jacinto Del Cauca,PRECIPITACION,PTPM_TT_A,Annual,2020-01-01,6454.0,4,2020
204,25027910,Limnigráfica,INSTITUTO DE HIDROLOGIA METEOROLOGIA Y ESTUDIOS AMBIENTALES,Bolivar,San Jacinto Del Cauca,PRECIPITACION,PTPM_TT_A,Annual,2016-01-01,4909.0,4,2016
205,25027910,Limnigráfica,INSTITUTO DE HIDROLOGIA METEOROLOGIA Y ESTUDIOS AMBIENTALES,Bolivar,San Jacinto Del Cauca,PRECIPITACION,PTPM_TT_A,Annual,2017-01-01,4855.0,50,2017
206,25027910,Limnigráfica,INSTITUTO DE HIDROLOGIA METEOROLOGIA Y ESTUDIOS AMBIENTALES,Bolivar,San Jacinto Del Cauca,PRECIPITACION,PTPM_TT_A,Annual,2018-01-01,4933.0,50,2018
207,25027910,Limnigráfica,INSTITUTO DE HIDROLOGIA METEOROLOGIA Y ESTUDIOS AMBIENTALES,Bolivar,San Jacinto Del Cauca,PRECIPITACION,PTPM_TT_A,Annual,2019-01-01,4398.0,50,2019
208,25027910,Limnigráfica,INSTITUTO DE HIDROLOGIA METEOROLOGIA Y ESTUDIOS AMBIENTALES,Bolivar,San Jacinto Del Cauca,PRECIPITACION,PTPM_TT_A,Annual,2020-01-01,4245.0,50,2020
209,29030170,Pluviométrica,INSTITUTO DE HIDROLOGIA METEOROLOGIA Y ESTUDIOS AMBIENTALES,Bolivar,Mahates,PRECIPITACION,PTPM_TT_A,Annual,2016-01-01,1437.0,50,2016
210,29030170,Pluviométrica,INSTITUTO DE HIDROLOGIA METEOROLOGIA Y ESTUDIOS AMBIENTALES,Bolivar,Mahates,PRECIPITACION,PTPM_TT_A,Annual,2017-01-01,1239.0,50,2017
211,29030170,Pluviométrica,INSTITUTO DE HIDROLOGIA METEOROLOGIA Y ESTUDIOS AMBIENTALES,Bolivar,Mahates,PRECIPITACION,PTPM_TT_A,Annual,2018-01-01,1160.0,50,2018
212,29030170,Pluviométrica,INSTITUTO DE HIDROLOGIA METEOROLOGIA Y ESTUDIOS AMBIENTALES,Bolivar,Mahates,PRECIPITACION,PTPM_TT_A,Annual,2019-01-01,1129.0,50,2019
213,29030170,Pluviométrica,INSTITUTO DE HIDROLOGIA METEOROLOGIA Y ESTUDIOS AMBIENTALES,Bolivar,Mahates,PRECIPITACION,PTPM_TT_A,Annual,2020-01-01,1544.0,50,2020
214,25020030,Pluviométrica,INSTITUTO DE HIDROLOGIA METEOROLOGIA Y ESTUDIOS AMBIENTALES,Bolivar,Achi,PRECIPITACION,PTPM_TT_A,Annual,2016-01-01,6111.0,50,2016
215,25020030,Pluviométrica,INSTITUTO DE HIDROLOGIA METEOROLOGIA Y ESTUDIOS AMBIENTALES,Bolivar,Achi,PRECIPITACION,PTPM_TT_A,Annual,2017-01-01,5825.0,50,2017
216,25020030,Pluviométrica,INSTITUTO DE HIDROLOGIA METEOROLOGIA Y ESTUDIOS AMBIENTALES,Bolivar,Achi,PRECIPITACION,PTPM_TT_A,Annual,2018-01-01,4872.0,50,2018
217,25020030,Pluviométrica,INSTITUTO DE HIDROLOGIA METEOROLOGIA Y ESTUDIOS AMBIENTALES,Bolivar,Achi,PRECIPITACION,PTPM_TT_A,Annual,2019-01-01,3697.0,50,2019
218,25020030,Pluviométrica,INSTITUTO DE HIDROLOGIA METEOROLOGIA Y ESTUDIOS AMBIENTALES,Bolivar,Achi,PRECIPITACION,PTPM_TT_A,Annual,2020-01-01,4413.0,50,2020
219,25020350,Pluviométrica,INSTITUTO DE HIDROLOGIA METEOROLOGIA Y ESTUDIOS AMBIENTALES,Bolivar,Achi,PRECIPITACION,PTPM_TT_A,Annual,2016-01-01,3988.0,50,2016
220,25020350,Pluviométrica,INSTITUTO DE HIDROLOGIA METEOROLOGIA Y ESTUDIOS AMBIENTALES,Bolivar,Achi,PRECIPITACION,PTPM_TT_A,Annual,2017-01-01,5599.0,50,2017
221,25020350,Pluviométrica,INSTITUTO DE HIDROLOGIA METEOROLOGIA Y ESTUDIOS AMBIENTALES,Bolivar,Achi,PRECIPITACION,PTPM_TT_A,Annual,2018-01-01,4683.0,50,2018
222,25020350,Pluviométrica,INSTITUTO DE HIDROLOGIA METEOROLOGIA Y ESTUDIOS AMBIENTALES,Bolivar,Achi,PRECIPITACION,PTPM_TT_A,Annual,2019-01-01,4132.0,50,2019
223,25020350,Pluviométrica,INSTITUTO DE HIDROLOGIA METEOROLOGIA Y ESTUDIOS AMBIENTALES,Bolivar,Achi,PRECIPITACION,PTPM_TT_A,Annual,2020-01-01,4872.0,50,2020
224,25021330,Pluviométrica,INSTITUTO DE HIDROLOGIA METEOROLOGIA Y ESTUDIOS AMBIENTALES,Bolivar,Mompos,PRECIPITACION,PTPM_TT_A,Annual,2016-01-01,1943.0,50,2016
225,25021330,Pluviométrica,INSTITUTO DE HIDROLOGIA METEOROLOGIA Y ESTUDIOS AMBIENTALES,Bolivar,Mompos,PRECIPITACION,PTPM_TT_A,Annual,2017-01-01,3139.0,50,2017
226,25021330,Pluviométrica,INSTITUTO DE HIDROLOGIA METEOROLOGIA Y ESTUDIOS AMBIENTALES,Bolivar,Mompos,PRECIPITACION,PTPM_TT_A,Annual,2018-01-01,2344.0,50,2018
227,25021330,Pluviométrica,INSTITUTO DE HIDROLOGIA METEOROLOGIA Y ESTUDIOS AMBIENTALES,Bolivar,Mompos,PRECIPITACION,PTPM_TT_A,Annual,2019-01-01,1782.0,50,2019
228,25021330,Pluviométrica,INSTITUTO DE HIDROLOGIA METEOROLOGIA Y ESTUDIOS AMBIENTALES,Bolivar,Mompos,PRECIPITACION,PTPM_TT_A,Annual,2020-01-01,2287.0,4,2020
229,25021340,Pluviométrica,INSTITUTO DE HIDROLOGIA METEOROLOGIA Y ESTUDIOS AMBIENTALES,Bolivar,Cicuco,PRECIPITACION,PTPM_TT_A,Annual,2016-01-01,1468.0,50,2016
230,25021340,Pluviométrica,INSTITUTO DE HIDROLOGIA METEOROLOGIA Y ESTUDIOS AMBIENTALES,Bolivar,Cicuco,PRECIPITACION,PTPM_TT_A,Annual,2017-01-01,2288.0,50,2017
231,25021340,Pluviométrica,INSTITUTO DE HIDROLOGIA METEOROLOGIA Y ESTUDIOS AMBIENTALES,Bolivar,Cicuco,PRECIPITACION,PTPM_TT_A,Annual,2018-01-01,1545.0,50,2018
232,25021340,Pluviométrica,INSTITUTO DE HIDROLOGIA METEOROLOGIA Y ESTUDIOS AMBIENTALES,Bolivar,Cicuco,PRECIPITACION,PTPM_TT_A,Annual,2019-01-01,1621.0,50,2019
233,25021340,Pluviométrica,INSTITUTO DE HIDROLOGIA METEOROLOGIA Y ESTUDIOS AMBIENTALES,Bolivar,Cicuco,PRECIPITACION,PTPM_TT_A,Annual,2020-01-01,2265.0,50,2020
234,29030510,Pluviométrica,INSTITUTO DE HIDROLOGIA METEOROLOGIA Y ESTUDIOS AMBIENTALES,Bolivar,El Carmen De Bolivar,PRECIPITACION,PTPM_TT_A,Annual,2016-01-01,1628.7,4,2016
235,29030510,Pluviométrica,INSTITUTO DE HIDROLOGIA METEOROLOGIA Y ESTUDIOS AMBIENTALES,Bolivar,El Carmen De Bolivar,PRECIPITACION,PTPM_TT_A,Annual,2017-01-01,1836.3,4,2017
236,29030510,Pluviométrica,INSTITUTO DE HIDROLOGIA METEOROLOGIA Y ESTUDIOS AMBIENTALES,Bolivar,El Carmen De Bolivar,PRECIPITACION,PTPM_TT_A,Annual,2018-01-01,1906.0,50,2018
237,29030510,Pluviométrica,INSTITUTO DE HIDROLOGIA METEOROLOGIA Y ESTUDIOS AMBIENTALES,Bolivar,El Carmen De Bolivar,PRECIPITACION,PTPM_TT_A,Annual,2019-01-01,2065.0,50,2019
238,29030160,Pluviométrica,INSTITUTO DE HIDROLOGIA METEOROLOGIA Y ESTUDIOS AMBIENTALES,Bolivar,Maria La Baja,PRECIPITACION,PTPM_TT_A,Annual,2016-01-01,2317.0,50,2016
239,29030160,Pluviométrica,INSTITUTO DE HIDROLOGIA METEOROLOGIA Y ESTUDIOS AMBIENTALES,Bolivar,Maria La Baja,PRECIPITACION,PTPM_TT_A,Annual,2017-01-01,1540.0,50,2017
240,29030160,Pluviométrica,INSTITUTO DE HIDROLOGIA METEOROLOGIA Y ESTUDIOS AMBIENTALES,Bolivar,Maria La Baja,PRECIPITACION,PTPM_TT_A,Annual,2018-01-01,1409.0,50,2018
241,29030160,Pluviométrica,INSTITUTO DE HIDROLOGIA METEOROLOGIA Y ESTUDIOS AMBIENTALES,Bolivar,Maria La Baja,PRECIPITACION,PTPM_TT_A,Annual,2019-01-01,1110.0,50,2019
242,29030160,Pluviométrica,INSTITUTO DE HIDROLOGIA METEOROLOGIA Y ESTUDIOS AMBIENTALES,Bolivar,Maria La Baja,PRECIPITACION,PTPM_TT_A,Annual,2020-01-01,1337.0,50,2020
243,23205020,Climática Ordinaria,INSTITUTO DE HIDROLOGIA METEOROLOGIA Y ESTUDIOS AMBIENTALES,Bolivar,San Pablo,PRECIPITACION,PTPM_TT_A,Annual,2016-01-01,2704.6,4,2016
244,23205020,Climática Ordinaria,INSTITUTO DE HIDROLOGIA METEOROLOGIA Y ESTUDIOS AMBIENTALES,Bolivar,San Pablo,PRECIPITACION,PTPM_TT_A,Annual,2017-01-01,2885.2,4,2017
245,23205020,Climática Ordinaria,INSTITUTO DE HIDROLOGIA METEOROLOGIA Y ESTUDIOS AMBIENTALES,Bolivar,San Pablo,PRECIPITACION,PTPM_TT_A,Annual,2018-01-01,2149.4,4,2018
246,23205020,Climática Ordinaria,INSTITUTO DE HIDROLOGIA METEOROLOGIA Y ESTUDIOS AMBIENTALES,Bolivar,San Pablo,PRECIPITACION,PTPM_TT_A,Annual,2019-01-01,2286.6,4,2019
247,23205020,Climática Ordinaria,INSTITUTO DE HIDROLOGIA METEOROLOGIA Y ESTUDIOS AMBIENTALES,Bolivar,San Pablo,PRECIPITACION,PTPM_TT_A,Annual,2020-01-01,2502.1,4,2020
248,25020960,Pluviométrica,INSTITUTO DE HIDROLOGIA METEOROLOGIA Y ESTUDIOS AMBIENTALES,Bolivar,Cordoba,PRECIPITACION,PTPM_TT_A,Annual,2017-01-01,1420.0,50,2017
249,25020960,Pluviométrica,INSTITUTO DE HIDROLOGIA METEOROLOGIA Y ESTUDIOS AMBIENTALES,Bolivar,Cordoba,PRECIPITACION,PTPM_TT_A,Annual,2018-01-01,1029.0,50,2018
250,25020960,Pluviométrica,INSTITUTO DE HIDROLOGIA METEOROLOGIA Y ESTUDIOS AMBIENTALES,Bolivar,Cordoba,PRECIPITACION,PTPM_TT_A,Annual,2019-01-01,980.0,50,2019
251,25020960,Pluviométrica,INSTITUTO DE HIDROLOGIA METEOROLOGIA Y ESTUDIOS AMBIENTALES,Bolivar,Cordoba,PRECIPITACION,PTPM_TT_A,Annual,2020-01-01,1299.0,50,2020
252,25021280,Pluviométrica,INSTITUTO DE HIDROLOGIA METEOROLOGIA Y ESTUDIOS AMBIENTALES,Bolivar,Pinillos,PRECIPITACION,PTPM_TT_A,Annual,2016-01-01,2069.0,50,2016
253,25021280,Pluviométrica,INSTITUTO DE HIDROLOGIA METEOROLOGIA Y ESTUDIOS AMBIENTALES,Bolivar,Pinillos,PRECIPITACION,PTPM_TT_A,Annual,2017-01-01,3145.8,50,2017
254,25021280,Pluviométrica,INSTITUTO DE HIDROLOGIA METEOROLOGIA Y ESTUDIOS AMBIENTALES,Bolivar,Pinillos,PRECIPITACION,PTPM_TT_A,Annual,2018-01-01,1978.0,4,2018
255,25021280,Pluviométrica,INSTITUTO DE HIDROLOGIA METEOROLOGIA Y ESTUDIOS AMBIENTALES,Bolivar,Pinillos,PRECIPITACION,PTPM_TT_A,Annual,2019-01-01,2200.0,50,2019
256,25021280,Pluviométrica,INSTITUTO DE HIDROLOGIA METEOROLOGIA Y ESTUDIOS AMBIENTALES,Bolivar,Pinillos,PRECIPITACION,PTPM_TT_A,Annual,2020-01-01,2171.0,50,2020
257,29015000,Climática Ordinaria,INSTITUTO DE HIDROLOGIA METEOROLOGIA Y ESTUDIOS AMBIENTALES,Bolivar,El Guamo,PRECIPITACION,PTPM_TT_A,Annual,2016-01-01,937.0,4,2016
258,29015000,Climática Ordinaria,INSTITUTO DE HIDROLOGIA METEOROLOGIA Y ESTUDIOS AMBIENTALES,Bolivar,El Guamo,PRECIPITACION,PTPM_TT_A,Annual,2017-01-01,1179.2,4,2017
259,29015000,Climática Ordinaria,INSTITUTO DE HIDROLOGIA METEOROLOGIA Y ESTUDIOS AMBIENTALES,Bolivar,El Guamo,PRECIPITACION,PTPM_TT_A,Annual,2018-01-01,1001.6,4,2018
260,29015000,Climática Ordinaria,INSTITUTO DE HIDROLOGIA METEOROLOGIA Y ESTUDIOS AMBIENTALES,Bolivar,El Guamo,PRECIPITACION,PTPM_TT_A,Annual,2019-01-01,771.8,4,2019
261,29015000,Climática Ordinaria,INSTITUTO DE HIDROLOGIA METEOROLOGIA Y ESTUDIOS AMBIENTALES,Bolivar,El Guamo,PRECIPITACION,PTPM_TT_A,Annual,2020-01-01,1234.3,50,2020
262,25021320,Pluviométrica,INSTITUTO DE HIDROLOGIA METEOROLOGIA Y ESTUDIOS AMBIENTALES,Bolivar,Tiquisio (Puerto Rico),PRECIPITACION,PTPM_TT_A,Annual,2016-01-01,2221.0,50,2016
263,25021320,Pluviométrica,INSTITUTO DE HIDROLOGIA METEOROLOGIA Y ESTUDIOS AMBIENTALES,Bolivar,Tiquisio (Puerto Rico),PRECIPITACION,PTPM_TT_A,Annual,2017-01-01,1167.0,50,2017
264,25021320,Pluviométrica,INSTITUTO DE HIDROLOGIA METEOROLOGIA Y ESTUDIOS AMBIENTALES,Bolivar,Tiquisio (Puerto Rico),PRECIPITACION,PTPM_TT_A,Annual,2018-01-01,1110.0,50,2018
265,25021320,Pluviométrica,INSTITUTO DE HIDROLOGIA METEOROLOGIA Y ESTUDIOS AMBIENTALES,Bolivar,Tiquisio (Puerto Rico),PRECIPITACION,PTPM_TT_A,Annual,2019-01-01,888.0,50,2019
266,25021320,Pluviométrica,INSTITUTO DE HIDROLOGIA METEOROLOGIA Y ESTUDIOS AMBIENTALES,Bolivar,Tiquisio (Puerto Rico),PRECIPITACION,PTPM_TT_A,Annual,2020-01-01,1071.0,50,2020
291,29015020,Climática Principal,INSTITUTO DE HIDROLOGIA METEOROLOGIA Y ESTUDIOS AMBIENTALES,Bolivar,El Carmen De Bolivar,PRECIPITACION,PTPM_TT_A,Annual,2016-01-01,1114.4,4,2016
292,29015020,Climática Principal,INSTITUTO DE HIDROLOGIA METEOROLOGIA Y ESTUDIOS AMBIENTALES,Bolivar,El Carmen De Bolivar,PRECIPITACION,PTPM_TT_A,Annual,2017-01-01,1246.5,4,2017
293,29015020,Climática Principal,INSTITUTO DE HIDROLOGIA METEOROLOGIA Y ESTUDIOS AMBIENTALES,Bolivar,El Carmen De Bolivar,PRECIPITACION,PTPM_TT_A,Annual,2018-01-01,994.7,4,2018
294,29015020,Climática Principal,INSTITUTO DE HIDROLOGIA METEOROLOGIA Y ESTUDIOS AMBIENTALES,Bolivar,El Carmen De Bolivar,PRECIPITACION,PTPM_TT_A,Annual,2019-01-01,1330.4,4,2019
295,29015020,Climática Principal,INSTITUTO DE HIDROLOGIA METEOROLOGIA Y ESTUDIOS AMBIENTALES,Bolivar,El Carmen De Bolivar,PRECIPITACION,PTPM_TT_A,Annual,2020-01-01,1162.1,4,2020
296,29030500,Pluviométrica,INSTITUTO DE HIDROLOGIA METEOROLOGIA Y ESTUDIOS AMBIENTALES,Bolivar,San Jacinto,PRECIPITACION,PTPM_TT_A,Annual,2016-01-01,1888.0,4,2016
297,29030500,Pluviométrica,INSTITUTO DE HIDROLOGIA METEOROLOGIA Y ESTUDIOS AMBIENTALES,Bolivar,San Jacinto,PRECIPITACION,PTPM_TT_A,Annual,2017-01-01,1908.0,50,2017
298,29030500,Pluviométrica,INSTITUTO DE HIDROLOGIA METEOROLOGIA Y ESTUDIOS AMBIENTALES,Bolivar,San Jacinto,PRECIPITACION,PTPM_TT_A,Annual,2018-01-01,1472.0,50,2018
299,29030500,Pluviométrica,INSTITUTO DE HIDROLOGIA METEOROLOGIA Y ESTUDIOS AMBIENTALES,Bolivar,San Jacinto,PRECIPITACION,PTPM_TT_A,Annual,2019-01-01,1458.0,50,2019
300,29030500,Pluviométrica,INSTITUTO DE HIDROLOGIA METEOROLOGIA Y ESTUDIOS AMBIENTALES,Bolivar,San Jacinto,PRECIPITACION,PTPM_TT_A,Annual,2020-01-01,1816.0,50,2020
301,14010050,Pluviométrica,INSTITUTO DE HIDROLOGIA METEOROLOGIA Y ESTUDIOS AMBIENTALES,Bolivar,Turbaco,PRECIPITACION,PTPM_TT_A,Annual,2016-01-01,1054.2,4,2016
302,14010050,Pluviométrica,INSTITUTO DE HIDROLOGIA METEOROLOGIA Y ESTUDIOS AMBIENTALES,Bolivar,Turbaco,PRECIPITACION,PTPM_TT_A,Annual,2017-01-01,1176.9,50,2017
303,14010050,Pluviométrica,INSTITUTO DE HIDROLOGIA METEOROLOGIA Y ESTUDIOS AMBIENTALES,Bolivar,Turbaco,PRECIPITACION,PTPM_TT_A,Annual,2018-01-01,1052.2,50,2018
304,14010050,Pluviométrica,INSTITUTO DE HIDROLOGIA METEOROLOGIA Y ESTUDIOS AMBIENTALES,Bolivar,Turbaco,PRECIPITACION,PTPM_TT_A,Annual,2019-01-01,860.3,50,2019
305,14010050,Pluviométrica,INSTITUTO DE HIDROLOGIA METEOROLOGIA Y ESTUDIOS AMBIENTALES,Bolivar,Turbaco,PRECIPITACION,PTPM_TT_A,Annual,2020-01-01,959.7,50,2020
306,25020890,Pluviométrica,INSTITUTO DE HIDROLOGIA METEOROLOGIA Y ESTUDIOS AMBIENTALES,Bolivar,Margarita,PRECIPITACION,PTPM_TT_A,Annual,2017-01-01,2034.0,50,2017
307,25020890,Pluviométrica,INSTITUTO DE HIDROLOGIA METEOROLOGIA Y ESTUDIOS AMBIENTALES,Bolivar,Margarita,PRECIPITACION,PTPM_TT_A,Annual,2018-01-01,1330.0,50,2018
308,25020890,Pluviométrica,INSTITUTO DE HIDROLOGIA METEOROLOGIA Y ESTUDIOS AMBIENTALES,Bolivar,Margarita,PRECIPITACION,PTPM_TT_A,Annual,2019-01-01,1364.0,50,2019
309,25020890,Pluviométrica,INSTITUTO DE HIDROLOGIA METEOROLOGIA Y ESTUDIOS AMBIENTALES,Bolivar,Margarita,PRECIPITACION,PTPM_TT_A,Annual,2020-01-01,1475.0,50,2020
353,29030450,Pluviométrica,INSTITUTO DE HIDROLOGIA METEOROLOGIA Y ESTUDIOS AMBIENTALES,Bolivar,Maria La Baja,PRECIPITACION,PTPM_TT_A,Annual,2016-01-01,1809.0,4,2016
354,29030450,Pluviométrica,INSTITUTO DE HIDROLOGIA METEOROLOGIA Y ESTUDIOS AMBIENTALES,Bolivar,Maria La Baja,PRECIPITACION,PTPM_TT_A,Annual,2017-01-01,1625.0,4,2017
355,29030450,Pluviométrica,INSTITUTO DE HIDROLOGIA METEOROLOGIA Y ESTUDIOS AMBIENTALES,Bolivar,Maria La Baja,PRECIPITACION,PTPM_TT_A,Annual,2018-01-01,1646.0,50,2018
356,29030450,Pluviométrica,INSTITUTO DE HIDROLOGIA METEOROLOGIA Y ESTUDIOS AMBIENTALES,Bolivar,Maria La Baja,PRECIPITACION,PTPM_TT_A,Annual,2019-01-01,1614.0,50,2019
357,29030450,Pluviométrica,INSTITUTO DE HIDROLOGIA METEOROLOGIA Y ESTUDIOS AMBIENTALES,Bolivar,Maria La Baja,PRECIPITACION,PTPM_TT_A,Annual,2020-01-01,1894.0,50,2020
358,29030480,Pluviométrica,INSTITUTO DE HIDROLOGIA METEOROLOGIA Y ESTUDIOS AMBIENTALES,Bolivar,El Carmen De Bolivar,PRECIPITACION,PTPM_TT_A,Annual,2016-01-01,1908.6,4,2016
359,29030480,Pluviométrica,INSTITUTO DE HIDROLOGIA METEOROLOGIA Y ESTUDIOS AMBIENTALES,Bolivar,El Carmen De Bolivar,PRECIPITACION,PTPM_TT_A,Annual,2017-01-01,2033.6,4,2017
360,29030480,Pluviométrica,INSTITUTO DE HIDROLOGIA METEOROLOGIA Y ESTUDIOS AMBIENTALES,Bolivar,El Carmen De Bolivar,PRECIPITACION,PTPM_TT_A,Annual,2018-01-01,1644.2,50,2018
361,29030480,Pluviométrica,INSTITUTO DE HIDROLOGIA METEOROLOGIA Y ESTUDIOS AMBIENTALES,Bolivar,El Carmen De Bolivar,PRECIPITACION,PTPM_TT_A,Annual,2019-01-01,1755.3,50,2019
362,29030480,Pluviométrica,INSTITUTO DE HIDROLOGIA METEOROLOGIA Y ESTUDIOS AMBIENTALES,Bolivar,El Carmen De Bolivar,PRECIPITACION,PTPM_TT_A,Annual,2020-01-01,1576.1,50,2020
363,25021270,Pluviométrica,INSTITUTO DE HIDROLOGIA METEOROLOGIA Y ESTUDIOS AMBIENTALES,Bolivar,Mompos,PRECIPITACION,PTPM_TT_A,Annual,2016-01-01,2124.0,50,2016
364,25021270,Pluviométrica,INSTITUTO DE HIDROLOGIA METEOROLOGIA Y ESTUDIOS AMBIENTALES,Bolivar,Mompos,PRECIPITACION,PTPM_TT_A,Annual,2017-01-01,1503.0,50,2017
365,25021270,Pluviométrica,INSTITUTO DE HIDROLOGIA METEOROLOGIA Y ESTUDIOS AMBIENTALES,Bolivar,Mompos,PRECIPITACION,PTPM_TT_A,Annual,2018-01-01,2086.0,50,2018
366,25021270,Pluviométrica,INSTITUTO DE HIDROLOGIA METEOROLOGIA Y ESTUDIOS AMBIENTALES,Bolivar,Mompos,PRECIPITACION,PTPM_TT_A,Annual,2019-01-01,1599.0,50,2019
367,25021270,Pluviométrica,INSTITUTO DE HIDROLOGIA METEOROLOGIA Y ESTUDIOS AMBIENTALES,Bolivar,Mompos,PRECIPITACION,PTPM_TT_A,Annual,2020-01-01,2366.0,50,2020
368,23205050,Climática Ordinaria,INSTITUTO DE HIDROLOGIA METEOROLOGIA Y ESTUDIOS AMBIENTALES,Bolivar,Santa Rosa Del Sur,PRECIPITACION,PTPM_TT_A,Annual,2016-01-01,1921.4,4,2016
369,23205050,Climática Ordinaria,INSTITUTO DE HIDROLOGIA METEOROLOGIA Y ESTUDIOS AMBIENTALES,Bolivar,Santa Rosa Del Sur,PRECIPITACION,PTPM_TT_A,Annual,2017-01-01,2397.0,4,2017
370,23205050,Climática Ordinaria,INSTITUTO DE HIDROLOGIA METEOROLOGIA Y ESTUDIOS AMBIENTALES,Bolivar,Santa Rosa Del Sur,PRECIPITACION,PTPM_TT_A,Annual,2018-01-01,2403.1,4,2018
371,23205050,Climática Ordinaria,INSTITUTO DE HIDROLOGIA METEOROLOGIA Y ESTUDIOS AMBIENTALES,Bolivar,Santa Rosa Del Sur,PRECIPITACION,PTPM_TT_A,Annual,2019-01-01,2195.6,50,2019
372,23205050,Climática Ordinaria,INSTITUTO DE HIDROLOGIA METEOROLOGIA Y ESTUDIOS AMBIENTALES,Bolivar,Santa Rosa Del Sur,PRECIPITACION,PTPM_TT_A,Annual,2020-01-01,2010.2,4,2020
373,29010120,Pluviométrica,INSTITUTO DE HIDROLOGIA METEOROLOGIA Y ESTUDIOS AMBIENTALES,Bolivar,Zambrano,PRECIPITACION,PTPM_TT_A,Annual,2016-01-01,1231.3,50,2016
374,29010120,Pluviométrica,INSTITUTO DE HIDROLOGIA METEOROLOGIA Y ESTUDIOS AMBIENTALES,Bolivar,Zambrano,PRECIPITACION,PTPM_TT_A,Annual,2017-01-01,1483.0,50,2017
375,29010120,Pluviométrica,INSTITUTO DE HIDROLOGIA METEOROLOGIA Y ESTUDIOS AMBIENTALES,Bolivar,Zambrano,PRECIPITACION,PTPM_TT_A,Annual,2018-01-01,1203.0,50,2018
376,29010120,Pluviométrica,INSTITUTO DE HIDROLOGIA METEOROLOGIA Y ESTUDIOS AMBIENTALES,Bolivar,Zambrano,PRECIPITACION,PTPM_TT_A,Annual,2019-01-01,925.0,50,2019
377,29010120,Pluviométrica,INSTITUTO DE HIDROLOGIA METEOROLOGIA Y ESTUDIOS AMBIENTALES,Bolivar,Zambrano,PRECIPITACION,PTPM_TT_A,Annual,2020-01-01,1251.0,50,2020
378,29015040,Climática Principal,INSTITUTO DE HIDROLOGIA METEOROLOGIA Y ESTUDIOS AMBIENTALES,Bolivar,El Carmen De Bolivar,PRECIPITACION,PTPM_TT_A,Annual,2018-01-01,878.9,4,2018
379,29015040,Climática Principal,INSTITUTO DE HIDROLOGIA METEOROLOGIA Y ESTUDIOS AMBIENTALES,Bolivar,El Carmen De Bolivar,PRECIPITACION,PTPM_TT_A,Annual,2019-01-01,1135.5,4,2019
450,25027530,Limnimétrica,INSTITUTO DE HIDROLOGIA METEOROLOGIA Y ESTUDIOS AMBIENTALES,Bolivar,Magangue,PRECIPITACION,PTPM_TT_A,Annual,2016-01-01,2244.0,50,2016
451,25027530,Limnimétrica,INSTITUTO DE HIDROLOGIA METEOROLOGIA Y ESTUDIOS AMBIENTALES,Bolivar,Magangue,PRECIPITACION,PTPM_TT_A,Annual,2017-01-01,2693.7,4,2017
452,25027530,Limnimétrica,INSTITUTO DE HIDROLOGIA METEOROLOGIA Y ESTUDIOS AMBIENTALES,Bolivar,Magangue,PRECIPITACION,PTPM_TT_A,Annual,2018-01-01,2103.7,50,2018
453,25027530,Limnimétrica,INSTITUTO DE HIDROLOGIA METEOROLOGIA Y ESTUDIOS AMBIENTALES,Bolivar,Magangue,PRECIPITACION,PTPM_TT_A,Annual,2019-01-01,2702.0,4,2019
454,25027530,Limnimétrica,INSTITUTO DE HIDROLOGIA METEOROLOGIA Y ESTUDIOS AMBIENTALES,Bolivar,Magangue,PRECIPITACION,PTPM_TT_A,Annual,2020-01-01,3245.0,4,2020
455,25020880,Pluviométrica,INSTITUTO DE HIDROLOGIA METEOROLOGIA Y ESTUDIOS AMBIENTALES,Bolivar,Barranco De Loba,PRECIPITACION,PTPM_TT_A,Annual,2017-01-01,2549.0,50,2017
456,25020880,Pluviométrica,INSTITUTO DE HIDROLOGIA METEOROLOGIA Y ESTUDIOS AMBIENTALES,Bolivar,Barranco De Loba,PRECIPITACION,PTPM_TT_A,Annual,2018-01-01,2300.0,50,2018
457,25020880,Pluviométrica,INSTITUTO DE HIDROLOGIA METEOROLOGIA Y ESTUDIOS AMBIENTALES,Bolivar,Barranco De Loba,PRECIPITACION,PTPM_TT_A,Annual,2019-01-01,1746.0,50,2019
458,25020880,Pluviométrica,INSTITUTO DE HIDROLOGIA METEOROLOGIA Y ESTUDIOS AMBIENTALES,Bolivar,Barranco De Loba,PRECIPITACION,PTPM_TT_A,Annual,2020-01-01,2304.0,50,2020
459,25021260,Pluviométrica,INSTITUTO DE HIDROLOGIA METEOROLOGIA Y ESTUDIOS AMBIENTALES,Bolivar,Magangue,PRECIPITACION,PTPM_TT_A,Annual,2016-01-01,1075.3,50,2016
460,25021260,Pluviométrica,INSTITUTO DE HIDROLOGIA METEOROLOGIA Y ESTUDIOS AMBIENTALES,Bolivar,Magangue,PRECIPITACION,PTPM_TT_A,Annual,2017-01-01,1168.4,50,2017
461,25021260,Pluviométrica,INSTITUTO DE HIDROLOGIA METEOROLOGIA Y ESTUDIOS AMBIENTALES,Bolivar,Magangue,PRECIPITACION,PTPM_TT_A,Annual,2018-01-01,1388.7,4,2018
462,25021260,Pluviométrica,INSTITUTO DE HIDROLOGIA METEOROLOGIA Y ESTUDIOS AMBIENTALES,Bolivar,Magangue,PRECIPITACION,PTPM_TT_A,Annual,2019-01-01,1111.4,50,2019
463,25021260,Pluviométrica,INSTITUTO DE HIDROLOGIA METEOROLOGIA Y ESTUDIOS AMBIENTALES,Bolivar,Magangue,PRECIPITACION,PTPM_TT_A,Annual,2020-01-01,1231.5,50,2020
464,14010030,Pluviométrica,INSTITUTO DE HIDROLOGIA METEOROLOGIA Y ESTUDIOS AMBIENTALES,Bolivar,Cartagena De Indias,PRECIPITACION,PTPM_TT_A,Annual,2017-01-01,1577.4,50,2017
465,14010030,Pluviométrica,INSTITUTO DE HIDROLOGIA METEOROLOGIA Y ESTUDIOS AMBIENTALES,Bolivar,Cartagena De Indias,PRECIPITACION,PTPM_TT_A,Annual,2018-01-01,1011.9,50,2018
466,14010030,Pluviométrica,INSTITUTO DE HIDROLOGIA METEOROLOGIA Y ESTUDIOS AMBIENTALES,Bolivar,Cartagena De Indias,PRECIPITACION,PTPM_TT_A,Annual,2019-01-01,1397.6,4,2019
467,14010030,Pluviométrica,INSTITUTO DE HIDROLOGIA METEOROLOGIA Y ESTUDIOS AMBIENTALES,Bolivar,Cartagena De Indias,PRECIPITACION,PTPM_TT_A,Annual,2020-01-01,1188.8,50,2020
468,25020800,Pluviométrica,INSTITUTO DE HIDROLOGIA METEOROLOGIA Y ESTUDIOS AMBIENTALES,Bolivar,Achi,PRECIPITACION,PTPM_TT_A,Annual,2017-01-01,2589.6,4,2017
469,25020330,Pluviométrica,INSTITUTO DE HIDROLOGIA METEOROLOGIA Y ESTUDIOS AMBIENTALES,Bolivar,San Jacinto Del Cauca,PRECIPITACION,PTPM_TT_A,Annual,2016-01-01,4049.0,50,2016
470,25020330,Pluviométrica,INSTITUTO DE HIDROLOGIA METEOROLOGIA Y ESTUDIOS AMBIENTALES,Bolivar,San Jacinto Del Cauca,PRECIPITACION,PTPM_TT_A,Annual,2017-01-01,6847.0,50,2017
471,25020330,Pluviométrica,INSTITUTO DE HIDROLOGIA METEOROLOGIA Y ESTUDIOS AMBIENTALES,Bolivar,San Jacinto Del Cauca,PRECIPITACION,PTPM_TT_A,Annual,2018-01-01,6585.0,50,2018
472,25020330,Pluviométrica,INSTITUTO DE HIDROLOGIA METEOROLOGIA Y ESTUDIOS AMBIENTALES,Bolivar,San Jacinto Del Cauca,PRECIPITACION,PTPM_TT_A,Annual,2019-01-01,4516.0,50,2019
473,25020330,Pluviométrica,INSTITUTO DE HIDROLOGIA METEOROLOGIA Y ESTUDIOS AMBIENTALES,Bolivar,San Jacinto Del Cauca,PRECIPITACION,PTPM_TT_A,Annual,2020-01-01,5910.0,4,2020
